{
    "epsilon": 0.0001,
    "C": 16,
    "K": 4,
    "test_size": 0.99,
    "gamma": 0.04,
    "1_r2_train": 0.9999405572708514,
    "1_r2_test": 0.9751288346552828,
    "1_n_supported": 344,
    "35_r2_train": 0.8737345498951246,
    "35_r2_test": 0.5898162191960346,
    "35_n_supported": 344,
    "70_r2_train": 0.9680859878275108,
    "70_r2_test": 0.5566711804869497,
    "70_n_supported": 345,
    "multidim_r2_train": 0.9377247331545459,
    "multidim_r2_test": 0.6700802661481738,
    "multidim_mean_rmse": 0.5555909884356317,
    "mean_n_support": 334.6164383561644,
    "amp25": 30.965199236373977,
    "amp20": 17.05355197046358,
    "period": 28.039479587258864,
    "qbo_objective": 0.012909453220455063,
    "online_duration": 156.82078051567078
}