{
    "epsilon": 0.0001,
    "C": 16,
    "K": 1,
    "test_size": 0.8,
    "gamma": 0.05,
    "1_r2_train": 0.9991879599099349,
    "1_r2_test": 0.9984881485536491,
    "1_n_supported": 6888,
    "35_r2_train": 0.951256577397923,
    "35_r2_test": 0.945894537137308,
    "35_n_supported": 6865,
    "70_r2_train": 0.9016669254492923,
    "70_r2_test": 0.8652913784905273,
    "70_n_supported": 6903,
    "multidim_r2_train": 0.960953074013838,
    "multidim_r2_test": 0.9525798331326151,
    "multidim_mean_rmse": 0.21202185670954915,
    "mean_n_support": 6669.561643835616,
    "amp25": 33.35890316840966,
    "amp20": 18.48558277038178,
    "period": 27.385255778288972,
    "qbo_objective": 0.00020571804419692395,
    "online_duration": 2956.8061487674713
}