{"epsilon": 0.0001, "C": 16, "K": 1, "test_size": 0.81, "gamma": 0.05, "1_r2_train": 0.9991786639494986, "1_r2_test": 0.9984758342167533, "1_n_supported": 6542, "35_r2_train": 0.9503078690093367, "35_r2_test": 0.944871609921384, "35_n_supported": 6528, "70_r2_train": 0.9022067739074859, "70_r2_test": 0.8647807079650969, "70_n_supported": 6551, "multidim_r2_train": 0.9604321663046808, "multidim_r2_test": 0.9521150108296994, "multidim_mean_rmse": 0.21311341161340733, "mean_n_support": 6335.493150684932, "amp25": 33.3321679659491, "amp20": 18.49341133116336, "period": 27.37625930792817, "qbo_objective": 0.00019845038463149614, "online_duration": 2874.517915725708}